model_name,roc_auc_mean,roc_auc_std,accuracy_mean,balanced_accuracy_mean,f1_mean
RandomForest,0.5522689075630252,0.04839857910290085,0.5613086770981508,0.5512184873949579,0.47054350914195187
GradientBoosting,0.5394957983193278,0.061495216759367186,0.5728307254623044,0.5657002801120448,0.5075576036866359
ExtraTrees,0.5346498599439775,0.0824396730727938,0.5241820768136558,0.515812324929972,0.4465371456500488
 
